<?xml version="1.0" encoding="UTF-8" standalone="yes"?>
<addon id="metadata.jpmag.net"
       name="JPMAG.NET JAV Database"
       version="0.1.0"
       provider-name="JPMAG.NET">
  <requires>
    <import addon="xbmc.metadata" version="2.1.0"/>
    <import addon="metadata.common.imdb.com" version="2.7.8"/>
    <import addon="metadata.common.jpmag.net" version="0.1.0"/>
    <import addon="plugin.video.youtube" version="4.4.10" optional="true"/>
  </requires>
  <extension point="xbmc.metadata.scraper.movies"
             language="en"
             library="jpmagnet.xml"/>
  <extension point="xbmc.addon.metadata">
    <platform>all</platform>
    <summary lang="en">JPmag.net JAV Library</summary>
    <summary lang="ko">JPmag.net JAV 라이브러리</summary>
    <summary lang="ja">JPmag.net JAV ライブラリー</summary>
    <description lang="en">Download JAV thumbs and fanarts from www.jpmag.net</description>
    <description lang="ko">썸네일과 스크린샷 등 JAV의 정보를 www.jpnag.net에서 다운로드</description>
    <description lang="ja">サムネールとキャプチャー等、JAV動画情報を www.jpnag.netからダウンロード</description>

    <license>GPL v2.0</license>
    <forum></forum>
    <website></website>
    <email></email>
    <source></source>
  </extension>
</addon>
